
<resources>
    <color name="seed">#CC2936</color>
    <color name="md_theme_light_primary">#BA192B</color>
    <color name="md_theme_light_onPrimary">#FFFFFF</color>
    <color name="md_theme_light_primaryContainer">#FFDAD8</color>
    <color name="md_theme_light_onPrimaryContainer">#410006</color>
    <color name="md_theme_light_secondary">#775655</color>
    <color name="md_theme_light_onSecondary">#FFFFFF</color>
    <color name="md_theme_light_secondaryContainer">#FFDAD8</color>
    <color name="md_theme_light_onSecondaryContainer">#2C1514</color>
    <color name="md_theme_light_tertiary">#745A2E</color>
    <color name="md_theme_light_onTertiary">#FFFFFF</color>
    <color name="md_theme_light_tertiaryContainer">#FFDEAA</color>
    <color name="md_theme_light_onTertiaryContainer">#271900</color>
    <color name="md_theme_light_error">#BA1A1A</color>
    <color name="md_theme_light_errorContainer">#FFDAD6</color>
    <color name="md_theme_light_onError">#FFFFFF</color>
    <color name="md_theme_light_onErrorContainer">#410002</color>
    <color name="md_theme_light_background">#FFFBFF</color>
    <color name="md_theme_light_onBackground">#201A1A</color>
    <color name="md_theme_light_surface">#FFFBFF</color>
    <color name="md_theme_light_onSurface">#201A1A</color>
    <color name="md_theme_light_surfaceVariant">#F4DDDC</color>
    <color name="md_theme_light_onSurfaceVariant">#534342</color>
    <color name="md_theme_light_outline">#857372</color>
    <color name="md_theme_light_inverseOnSurface">#FBEEED</color>
    <color name="md_theme_light_inverseSurface">#362F2E</color>
    <color name="md_theme_light_inversePrimary">#FFB3B0</color>
    <color name="md_theme_light_shadow">#000000</color>
    <color name="md_theme_light_surfaceTint">#BA192B</color>
    <color name="md_theme_light_outlineVariant">#D7C1C0</color>
    <color name="md_theme_light_scrim">#000000</color>
    <color name="md_theme_dark_primary">#FFB3B0</color>
    <color name="md_theme_dark_onPrimary">#680010</color>
    <color name="md_theme_dark_primaryContainer">#93001A</color>
    <color name="md_theme_dark_onPrimaryContainer">#FFDAD8</color>
    <color name="md_theme_dark_secondary">#E6BDBA</color>
    <color name="md_theme_dark_onSecondary">#442928</color>
    <color name="md_theme_dark_secondaryContainer">#5D3F3E</color>
    <color name="md_theme_dark_onSecondaryContainer">#FFDAD8</color>
    <color name="md_theme_dark_tertiary">#E3C28C</color>
    <color name="md_theme_dark_onTertiary">#412D05</color>
    <color name="md_theme_dark_tertiaryContainer">#5A4319</color>
    <color name="md_theme_dark_onTertiaryContainer">#FFDEAA</color>
    <color name="md_theme_dark_error">#FFB4AB</color>
    <color name="md_theme_dark_errorContainer">#93000A</color>
    <color name="md_theme_dark_onError">#690005</color>
    <color name="md_theme_dark_onErrorContainer">#FFDAD6</color>
    <color name="md_theme_dark_background">#201A1A</color>
    <color name="md_theme_dark_onBackground">#EDE0DE</color>
    <color name="md_theme_dark_surface">#201A1A</color>
    <color name="md_theme_dark_onSurface">#EDE0DE</color>
    <color name="md_theme_dark_surfaceVariant">#534342</color>
    <color name="md_theme_dark_onSurfaceVariant">#D7C1C0</color>
    <color name="md_theme_dark_outline">#A08C8B</color>
    <color name="md_theme_dark_inverseOnSurface">#201A1A</color>
    <color name="md_theme_dark_inverseSurface">#EDE0DE</color>
    <color name="md_theme_dark_inversePrimary">#BA192B</color>
    <color name="md_theme_dark_shadow">#000000</color>
    <color name="md_theme_dark_surfaceTint">#FFB3B0</color>
    <color name="md_theme_dark_outlineVariant">#534342</color>
    <color name="md_theme_dark_scrim">#000000</color>
</resources>
